<?xml version="1.0" encoding="UTF-8"?>
<configuration>
    <property resource="logback.properties" />
    <contextName>app</contextName>
    <appender name="Console" class="ch.qos.logback.core.ConsoleAppender">
        <Target>System.out</Target>
        <encoder>
            <pattern>%d [%t] %p %logger - %m%n</pattern>
        </encoder>
        <filter class="ch.qos.logback.classic.filter.ThresholdFilter">
            <level>DEBUG</level>
        </filter>
    </appender>
    <appender name="LogFile" class="ch.qos.logback.core.rolling.RollingFileAppender">
        <File>${log.path}/${log.name}</File>
        <Append>true</Append>
        <encoder>
            <pattern>%d [%t] %p %logger{0} - %m%n</pattern>
        </encoder>
        <filter class="ch.qos.logback.classic.filter.ThresholdFilter">
            <level>DEBUG</level>
        </filter>
        <rollingPolicy class="ch.qos.logback.core.rolling.TimeBasedRollingPolicy">
            <fileNamePattern>${log.path}/${log.name}.%d{yyyy-MM-dd }</fileNamePattern>
        </rollingPolicy>
    </appender>

    <appender name="ErrorFile" class="ch.qos.logback.core.rolling.RollingFileAppender">
        <File>${log.path}/${log.name.error}</File>
        <encoder>
            <pattern>%d [%t] %p %logger{0} - %m%n</pattern>
        </encoder>
        <filter class="ch.qos.logback.classic.filter.ThresholdFilter">
            <level>ERROR</level>
        </filter>
        <rollingPolicy class="ch.qos.logback.core.rolling.TimeBasedRollingPolicy">
            <fileNamePattern>${log.path}/${log.name.error}.%d{yyyy-MM-dd }</fileNamePattern>
        </rollingPolicy>
    </appender>

    <logger name="com.ibatis" level="debug">
        <appender-ref ref="Console"/>
    </logger>
    <logger name="org.springframework" level="WARN"/>
    <logger name="org.apache.commons" level="WARN"/>
    <logger name="org.mybatis.spring" level="WARN"/>
    <logger name="org.apache.ibatis.io.ResolverUtil" level="WARN"/>



    <logger name="com.ibatis.common.jdbc.SimpleDataSource" level="debug" />
    <logger name="com.ibatis.common.jdbc.ScriptRunner" level="debug" />
    <logger name="org.mybatis.generator" level="debug" />
    <logger name="com.ibatis.sqlmap.engine.impl.SqlMapClientDelegate" level="debug" />
    <logger name="java.sql.Connection" level="debug" />
    <logger name="java.sql.Statement" level="debug" />
    <logger name="java.sql.PreparedStatement" level="debug" />

    <root level="debug">
        <appender-ref ref="Console"/>
        <appender-ref ref="LogFile"/>
        <appender-ref ref="ErrorFile"/>
    </root>
</configuration>